City_ID,City,Country,Lat,Lng,Max Temp,Humidity,Cloudiness,Wind Speed,Current Description
0,Hermanus,ZA,-34.4187,19.2345,51.91,82,88,11.16,light rain
1,Mahebourg,MU,-20.4081,57.7,68.29,94,40,3.44,light rain
2,Darnah,LY,32.767,22.6367,75.76,72,0,15.43,clear sky
3,Vaini,TO,-21.2,-175.2,80.76,89,75,10.36,broken clouds
4,Maramba,TZ,-5.05,38.6167,61.9,92,100,1.19,overcast clouds
5,Bredasdorp,ZA,-34.5322,20.0403,42.12,87,49,1.14,light rain
6,Castro,BR,-24.7911,-50.0119,57.45,98,100,9.51,overcast clouds
7,Hobart,AU,-42.8794,147.3294,56.05,64,20,8.05,few clouds
8,Madras,IN,13.0878,80.2785,82.38,74,75,4.61,haze
9,East London,ZA,-33.0153,27.9116,59.4,68,97,13.24,overcast clouds
10,Butaritari,KI,3.0707,172.7902,83.05,72,95,13.29,overcast clouds
11,Meulaboh,ID,4.1363,96.1285,78.12,77,99,3.31,overcast clouds
12,Richards Bay,ZA,-28.783,32.0377,66.33,81,100,8.5,light rain
13,Busselton,AU,-33.65,115.3333,51.08,78,94,21.68,light rain
14,Ushuaia,AR,-54.8,-68.3,28.06,100,40,19.57,scattered clouds
15,Rikitea,PF,-23.1203,-134.9692,73.83,69,1,14.07,clear sky
16,Punta Arenas,CL,-53.15,-70.9167,33.91,64,75,8.05,broken clouds
17,Clyde River,CA,70.4692,-68.5914,30.67,74,20,7.76,few clouds
18,Sinnamary,GF,5.3833,-52.95,79.57,85,0,9.4,clear sky
19,Mataura,NZ,-46.1927,168.8643,47.48,81,98,2.89,light rain
20,Vardo,NO,70.3705,31.1107,42.15,73,89,4.94,overcast clouds
21,Longhua,CN,23.6137,114.1919,87.91,61,21,1.3,light rain
22,Bluff,NZ,-46.6,168.3333,47.8,67,91,12.03,overcast clouds
23,Kearney,US,40.6995,-99.0815,80.51,54,1,16.11,clear sky
24,Saint George,US,37.1041,-113.5841,97.39,10,1,1.99,clear sky
25,Lebu,CL,-37.6167,-73.65,48.27,84,2,5.73,clear sky
26,Georgetown,MY,5.4112,100.3354,82.33,87,20,2.3,few clouds
27,Bergschenhoek,NL,51.99,4.4986,59.07,88,90,5.75,overcast clouds
28,Haines Junction,CA,60.7522,-137.5108,53.55,40,98,8.05,overcast clouds
29,Ancud,CL,-41.8697,-73.8203,49.42,87,100,14.47,light rain
30,Vasyurinskaya,RU,45.1181,39.424,62.83,44,53,8.03,broken clouds
31,Luba,GQ,3.4568,8.5547,76.89,89,100,6.08,light rain
32,Nikolskoye,RU,59.7035,30.7861,44.02,90,100,4.09,overcast clouds
33,Kruisfontein,ZA,-34.0033,24.7314,52.88,81,5,7.34,clear sky
34,Ponta Do Sol,PT,32.6667,-17.1,74.71,72,58,5.19,broken clouds
35,Saint-Augustin,CA,51.226,-58.6502,49.98,92,100,20.09,overcast clouds
36,Aksu,CN,41.1231,80.2644,67.37,43,54,3.85,broken clouds
37,Guerrero Negro,MX,27.9769,-114.0611,72.27,75,0,21.12,clear sky
38,Hilo,US,19.7297,-155.09,82.13,80,75,13.8,heavy intensity rain
39,Port Alfred,ZA,-33.5906,26.891,56.59,80,45,9.28,light rain
40,Airai,TL,-8.9266,125.4092,73.42,48,72,4.68,broken clouds
41,College,US,64.8569,-147.8028,56.66,46,75,10.36,broken clouds
42,Rome,US,34.257,-85.1647,70.66,93,90,5.75,mist
43,Kavaratti,IN,10.5669,72.642,81.03,79,100,18.34,overcast clouds
44,Nemuro,JP,43.3236,145.575,59.43,69,0,1.86,clear sky
45,Avarua,CK,-21.2078,-159.775,78.85,69,75,10.36,broken clouds
46,Matay,EG,28.419,30.7792,75.61,61,0,10.0,clear sky
47,Saldanha,ZA,-33.0117,17.9442,50.05,83,0,17.45,clear sky
48,Cape Town,ZA,-33.9258,18.4232,54.88,86,20,1.99,few clouds
49,Lodja,CD,-3.4833,23.4333,69.49,98,100,2.21,moderate rain
50,Hithadhoo,MV,-0.6,73.0833,82.24,75,32,11.88,scattered clouds
51,Barrow,US,71.2906,-156.7887,37.42,87,90,6.91,overcast clouds
52,Carnarvon,AU,-24.8667,113.6333,66.27,82,90,10.36,overcast clouds
53,Bang Saphan,TH,11.2126,99.5117,76.95,91,100,3.24,light rain
54,Klaksvik,FO,62.2266,-6.589,49.12,78,87,4.59,overcast clouds
55,Iqaluit,CA,63.7506,-68.5145,35.33,93,75,4.61,light intensity drizzle
56,Puerto Ayora,EC,-0.7393,-90.3518,67.55,94,18,1.99,few clouds
57,Strezhevoy,RU,60.7333,77.5889,44.58,95,100,13.85,light rain
58,Leh,IN,34.1667,77.5833,53.44,47,2,5.01,clear sky
59,Brigantine,US,39.4101,-74.3646,77.32,91,1,8.05,clear sky
60,Tasiilaq,GL,65.6145,-37.6368,34.68,99,100,6.26,light rain
61,Mayo,US,38.8876,-76.5119,82.42,88,1,5.99,clear sky
62,Faanui,PF,-16.4833,-151.75,79.29,70,6,17.69,clear sky
63,Trincomalee,LK,8.5711,81.2335,81.5,75,72,18.16,broken clouds
64,Kapaa,US,22.0752,-159.319,89.58,68,40,3.0,light rain
65,Berezna,UA,51.5716,31.7846,44.82,77,13,6.15,few clouds
66,Trat,TH,12.5,102.5,84.25,89,100,2.86,overcast clouds
67,Galle,LK,6.0367,80.217,78.73,87,25,8.59,scattered clouds
68,Leshukonskoye,RU,64.8989,45.7622,39.04,90,100,7.47,overcast clouds
69,Lompoc,US,34.6391,-120.4579,75.34,76,1,14.97,clear sky
70,Ende,ID,-8.8432,121.6623,83.84,70,99,2.55,overcast clouds
71,Arraial Do Cabo,BR,-22.9661,-42.0278,75.16,88,75,10.36,broken clouds
72,Hawalli,KW,29.2833,47.9972,89.69,33,0,10.0,clear sky
73,Jamestown,US,42.097,-79.2353,62.24,91,20,2.93,mist
74,Cidreira,BR,-30.1811,-50.2056,55.89,67,9,6.06,clear sky
75,Kloulklubed,PW,7.0419,134.2556,84.07,73,50,8.7,scattered clouds
76,Pompeu,BR,-19.2244,-44.9353,78.87,25,4,4.25,clear sky
77,Lodwar,KE,3.1191,35.5973,84.27,41,58,12.39,broken clouds
78,Emerald,AU,-23.5333,148.1667,73.54,31,0,3.44,clear sky
79,Naze,JP,28.3667,129.4833,79.72,79,16,14.52,few clouds
80,Nha Trang,VN,12.25,109.1833,80.6,83,100,2.42,overcast clouds
81,Mokhsogollokh,RU,61.4681,128.9203,46.94,92,100,3.44,overcast clouds
82,Gwadar,PK,25.1216,62.3254,82.22,66,81,4.34,broken clouds
83,Greenfield,US,42.9614,-88.0126,65.86,72,1,6.91,clear sky
84,Byron Bay,AU,-28.65,153.6167,73.06,57,44,12.8,scattered clouds
85,Bethel,US,41.3712,-73.414,77.09,80,1,3.44,clear sky
86,Luderitz,NA,-26.6481,15.1594,51.8,68,0,19.06,clear sky
87,Dikson,RU,73.5069,80.5464,37.58,97,100,26.51,overcast clouds
88,Bandarbeyla,SO,9.4942,50.8122,77.95,80,100,25.97,overcast clouds
89,Tiksi,RU,71.6872,128.8694,40.59,88,100,1.12,overcast clouds
90,Veraval,IN,20.9,70.3667,80.55,90,100,13.06,light rain
91,Mount Gambier,AU,-37.8333,140.7667,53.51,71,1,8.05,clear sky
92,Chokurdakh,RU,70.6333,147.9167,36.09,62,84,8.68,broken clouds
93,Ingham,US,42.6,-84.3833,64.02,78,1,0.0,clear sky
94,Beringovskiy,RU,63.05,179.3167,41.9,74,48,10.11,scattered clouds
95,Yellowknife,CA,62.456,-114.3525,48.72,66,75,21.85,broken clouds
96,Elko,US,41.0002,-115.5012,84.22,10,0,8.99,clear sky
97,Puerto Escondido,MX,15.85,-97.0667,83.23,61,75,9.22,broken clouds
98,Tingo Maria,PE,-9.2895,-76.0088,70.9,85,11,3.11,few clouds
99,Vredendal,ZA,-31.6683,18.5012,48.76,81,0,3.2,clear sky
100,Samarai,PG,-10.6167,150.6667,79.39,71,78,16.24,broken clouds
101,Waipawa,NZ,-41.4122,175.5153,47.44,78,100,15.23,overcast clouds
102,New Norfolk,AU,-42.7826,147.0587,55.71,45,6,1.34,clear sky
103,Kodiak,US,57.79,-152.4072,47.71,93,90,9.22,mist
104,Hondo,JP,32.45,130.2,80.55,81,36,9.24,scattered clouds
105,Ahipara,NZ,-35.1667,173.1667,63.54,86,31,13.35,scattered clouds
106,Gasa,PS,31.5,34.4667,75.18,64,0,6.87,clear sky
107,Egvekinot,RU,66.3167,-179.1667,32.32,79,93,1.52,overcast clouds
108,Tomatlan,MX,19.9333,-105.25,77.67,89,89,1.16,overcast clouds
109,Svetlaya,RU,46.5389,138.3297,60.4,70,100,8.57,overcast clouds
110,Saint-Philippe,RE,-21.3585,55.7679,69.39,81,19,7.29,few clouds
111,Tarakan,ID,3.3,117.6333,76.5,94,75,3.44,moderate rain
112,Port-Gentil,GA,-0.7193,8.7815,77.07,86,29,10.69,scattered clouds
113,Okato,NZ,-39.2,173.8833,51.42,91,100,21.32,overcast clouds
114,Chapais,CA,49.7834,-74.8492,49.78,97,8,4.83,clear sky
115,Verkh-Usugli,RU,52.7,115.1667,45.64,54,99,3.58,overcast clouds
116,Faya,SA,18.3851,42.4509,68.11,47,12,3.98,few clouds
117,Bengkulu,ID,-3.8004,102.2655,78.67,81,32,3.65,scattered clouds
118,Atuona,PF,-9.8,-139.0333,77.95,74,0,19.53,clear sky
119,La Crosse,US,43.8014,-91.2396,66.33,78,5,5.84,clear sky
120,Bambous Virieux,MU,-20.3428,57.7575,68.25,94,40,3.44,light rain
121,Pundaguitan,PH,6.3711,126.1689,80.53,79,100,6.53,moderate rain
122,Olinda,BR,-8.0089,-34.8553,76.73,73,40,10.36,scattered clouds
123,Khatanga,RU,71.9667,102.5,37.2,96,100,12.82,overcast clouds
124,Mackay,AU,-21.15,149.2,77.04,53,0,6.91,clear sky
125,Labuhan,ID,-6.8844,112.2051,81.25,72,100,7.16,overcast clouds
126,Gurupi,BR,-11.7292,-49.0686,87.57,22,3,3.11,clear sky
127,Sisimiut,GL,66.9395,-53.6735,34.84,63,11,7.85,few clouds
128,Thinadhoo,MV,0.5333,72.9333,82.4,74,100,14.54,overcast clouds
129,Vesyegonsk,RU,58.664,37.2604,39.02,94,80,6.22,broken clouds
130,Thompson,CA,55.7435,-97.8558,55.56,94,75,3.44,broken clouds
131,Albany,US,42.6001,-73.9662,68.27,94,100,3.78,overcast clouds
132,Longyearbyen,SJ,78.2186,15.6401,32.99,83,100,7.52,overcast clouds
133,Katsuura,JP,35.1333,140.3,75.31,71,76,18.63,broken clouds
134,Harrison,US,30.4091,-89.0436,77.31,98,90,5.75,light rain
135,Shimoda,JP,34.6667,138.95,71.96,67,62,18.37,broken clouds
136,Luebo,CD,-5.35,21.4167,72.5,89,100,2.44,overcast clouds
137,Fairbanks,US,64.8378,-147.7164,58.1,47,40,9.22,scattered clouds
138,Upernavik,GL,72.7868,-56.1549,30.76,83,100,10.54,overcast clouds
139,Sechura,PE,-5.5569,-80.8222,64.22,81,5,17.98,clear sky
140,Tahoua,NE,14.8888,5.2692,85.21,55,62,8.01,broken clouds
141,Sitka,US,57.0531,-135.33,53.49,76,90,6.91,light rain
142,Ankang,CN,32.68,109.0172,71.4,84,100,1.28,overcast clouds
143,Poum,NC,-20.2333,164.0167,70.93,66,68,21.7,broken clouds
144,Regen,DE,48.9667,13.1333,63.41,100,100,3.67,light rain
145,Caravelas,BR,-17.7125,-39.2481,74.44,86,0,9.69,clear sky
146,Souillac,MU,-20.5167,57.5167,68.38,94,40,3.44,scattered clouds
147,Freeport,US,40.6576,-73.5832,80.62,87,1,10.0,clear sky
148,Norman Wells,CA,65.282,-126.8329,55.44,62,75,6.91,broken clouds
149,Marsa Matruh,EG,31.3525,27.2453,79.0,53,0,11.5,clear sky
150,Los Llanos De Aridane,ES,28.6585,-17.9182,73.15,78,75,13.8,broken clouds
151,San Cristobal,VE,7.7669,-72.225,77.18,89,5,2.57,clear sky
152,Eenhana,NA,-17.4667,16.3333,64.15,23,0,7.02,clear sky
153,Huarmey,PE,-10.0681,-78.1522,62.46,84,80,12.06,broken clouds
154,Lososina,RU,48.9975,140.3106,63.3,53,100,5.59,overcast clouds
155,Melchor De Mencos,GT,17.0686,-89.1522,93.2,55,0,0.0,clear sky
156,Salalah,OM,17.0151,54.0924,78.87,90,100,0.74,overcast clouds
157,Kavieng,PG,-2.5744,150.7967,83.05,74,99,13.0,light rain
158,Cabo San Lucas,MX,22.8909,-109.9124,89.62,73,1,3.0,clear sky
159,Gari,RU,59.4307,62.3497,43.48,97,100,7.43,overcast clouds
160,Mbanza-Ngungu,CD,-5.25,14.8667,71.92,77,83,8.46,broken clouds
161,Kaeo,NZ,-35.1,173.7833,67.32,82,10,13.71,clear sky
162,Cabedelo,BR,-6.9811,-34.8339,77.67,83,73,11.61,broken clouds
163,Villa Bruzual,VE,9.3328,-69.1208,76.5,83,7,1.59,clear sky
164,Cockburn Town,TC,21.4612,-71.1419,82.36,78,75,8.05,broken clouds
165,Bartlesville,US,36.7473,-95.9808,82.69,69,1,0.0,clear sky
166,Cherskiy,RU,68.75,161.3,35.28,57,80,15.21,broken clouds
167,Mao,ES,39.8885,4.2658,73.96,64,0,17.27,clear sky
168,Komsomolskiy,UZ,40.4272,71.7189,65.12,45,0,4.61,clear sky
169,Saskylakh,RU,71.9167,114.0833,42.8,93,100,13.18,light rain
170,Port-Cartier,CA,50.0334,-66.8654,52.02,97,100,2.86,overcast clouds
171,Lake City,US,30.1897,-82.6393,76.78,100,75,0.0,broken clouds
172,Hohhot,CN,40.8106,111.6522,59.29,88,20,2.24,few clouds
173,Pontes E Lacerda,BR,-15.2261,-59.3353,77.67,70,19,2.24,few clouds
174,Pisco,PE,-13.7,-76.2167,62.65,77,72,13.8,broken clouds
175,Namibe,AO,-15.1961,12.1522,60.21,86,15,4.18,few clouds
176,Harper,LR,4.375,-7.7169,75.83,88,100,8.88,moderate rain
177,Fort Nelson,CA,58.8053,-122.7002,51.39,62,75,10.36,broken clouds
178,Kaitangata,NZ,-46.2817,169.8464,45.16,85,98,5.12,overcast clouds
179,Camacha,PT,33.0833,-16.3333,71.02,73,20,11.5,few clouds
180,Nanortalik,GL,60.1432,-45.2371,39.0,76,0,5.68,clear sky
181,Corinto,GR,37.9407,22.9573,73.76,60,0,4.03,clear sky
182,Miri,MY,4.4148,114.0089,75.34,88,20,1.14,few clouds
183,Mananjary,MG,-21.2167,48.3333,67.33,89,10,6.76,clear sky
184,Ngerengere,TZ,-6.75,38.1167,70.0,93,43,1.14,scattered clouds
185,Xinzhi,CN,36.4989,111.7047,69.24,85,100,2.64,light rain
186,Qaanaaq,GL,77.484,-69.3632,14.5,70,80,8.25,broken clouds
187,Ocean City,US,39.2776,-74.5746,77.31,88,100,5.99,overcast clouds
188,Urdoma,RU,61.7533,48.5442,40.08,96,100,9.24,overcast clouds
189,Isangel,VU,-19.55,169.2667,82.51,78,75,5.75,broken clouds
190,Ust-Ishim,RU,57.6935,71.1665,49.14,74,100,4.92,overcast clouds
191,Sorland,NO,67.667,12.6934,51.33,69,100,10.87,overcast clouds
192,Mount Isa,AU,-20.7333,139.5,87.57,14,6,17.27,clear sky
193,Provideniya,RU,64.3833,-173.3,41.11,65,75,11.18,broken clouds
194,Shirvan,AZ,39.9509,48.8994,68.83,69,0,3.51,clear sky
195,Pacific Grove,US,36.6177,-121.9166,76.8,81,1,1.01,clear sky
196,Melo,UY,-32.3667,-54.1833,47.75,81,0,4.12,clear sky
197,Zhuanghe,CN,39.7008,122.9911,71.15,77,100,4.61,overcast clouds
198,Lorengau,PG,-2.0226,147.2712,77.22,88,100,10.85,overcast clouds
199,Slave Lake,CA,55.2834,-114.769,46.38,76,90,19.57,overcast clouds
200,Dicabisagan,PH,17.0818,122.4157,85.03,68,84,2.68,broken clouds
201,Pevek,RU,69.7008,170.3133,31.01,68,100,11.95,overcast clouds
202,Sao Filipe,CV,14.8961,-24.4956,80.44,82,35,7.0,scattered clouds
203,Vestmanna,FO,62.1564,-7.1664,47.32,100,75,2.3,broken clouds
204,Dourados,BR,-22.2211,-54.8056,72.03,80,89,8.5,overcast clouds
205,Japura,ID,-0.3167,102.35,80.46,78,51,3.18,broken clouds
206,Kumluca,TR,36.3703,30.2869,71.13,61,0,5.82,clear sky
207,Porto Velho,BR,-8.7619,-63.9039,77.05,88,20,2.3,light rain
208,Hamilton,US,39.1834,-84.5333,71.42,84,1,5.61,clear sky
209,Amurzet,RU,47.6967,131.0981,60.1,52,100,4.32,moderate rain
210,Kayankulam,IN,9.1833,76.5,76.39,90,100,5.26,moderate rain
211,Port Elizabeth,ZA,-33.918,25.5701,54.1,87,0,10.36,clear sky
212,Esperance,AU,-33.8667,121.9,60.64,65,69,24.47,broken clouds
213,Nzega,RW,-2.479,29.5564,57.92,76,97,3.87,overcast clouds
214,Novikovo,RU,51.1537,37.8879,46.27,64,41,6.06,scattered clouds
215,Adrar,MR,20.5022,-10.0711,93.42,19,56,14.45,broken clouds
216,Imeni Poliny Osipenko,RU,52.4201,136.4853,58.15,71,100,10.27,overcast clouds
217,Boyolangu,ID,-8.1181,111.8935,78.8,81,90,6.02,overcast clouds
218,Flin Flon,CA,54.7682,-101.865,52.05,61,16,11.65,few clouds
219,Miedzychod,PL,52.5988,15.897,66.67,96,100,9.44,overcast clouds
220,Port Macquarie,AU,-31.4333,152.9167,57.16,64,48,10.92,scattered clouds
221,Merauke,ID,-8.4667,140.3333,83.64,56,81,12.66,broken clouds
222,Ouegoa,NC,-20.35,164.4333,76.57,48,60,9.53,broken clouds
223,Arawa,PG,-6.2132,155.5367,86.97,58,100,5.61,overcast clouds
224,Mehamn,NO,71.0357,27.8492,39.13,76,40,5.77,scattered clouds
225,Lasa,IT,46.6166,10.7002,65.28,96,98,2.44,light rain
226,Luleburgaz,TR,41.4039,27.3592,65.57,65,22,3.83,few clouds
227,Mae Chan,TH,20.1467,99.8526,73.06,95,100,1.01,overcast clouds
228,Severo-Kurilsk,RU,50.6789,156.125,52.86,75,4,9.95,clear sky
229,Hirara,JP,24.8,125.2833,84.47,84,40,4.61,scattered clouds
230,Guangyuan,CN,32.442,105.823,67.01,95,100,4.72,light rain
231,Koumac,NC,-20.5667,164.2833,73.27,58,77,14.76,broken clouds
232,Simbahan,PH,6.3032,120.5836,81.59,78,99,14.76,moderate rain
233,San Andres,CO,12.5847,-81.7006,82.42,78,20,5.75,few clouds
234,Pyshma,RU,56.9523,63.2513,44.53,94,11,7.43,few clouds
235,Ribeira Grande,PT,38.5167,-28.7,71.31,77,10,5.7,clear sky
236,Lagoa,PT,39.05,-27.9833,70.07,75,7,4.68,clear sky
237,Nouadhibou,MR,20.931,-17.0347,76.98,73,4,19.57,clear sky
238,Paamiut,GL,61.994,-49.6678,37.72,75,73,10.85,broken clouds
239,Sola,VU,-13.8833,167.55,83.07,84,75,0.0,broken clouds
240,Santa Vitoria Do Palmar,BR,-33.5189,-53.3681,49.98,80,0,4.09,clear sky
241,Portland,US,45.5234,-122.6762,72.45,35,75,1.99,broken clouds
242,Mandalgovi,MN,45.7625,106.2708,58.96,53,0,7.85,clear sky
243,Peniche,PT,39.3558,-9.3811,69.3,90,11,13.02,few clouds
244,San Patricio,US,28.017,-97.5169,86.41,68,50,9.4,scattered clouds
245,Mar Del Plata,AR,-38.0023,-57.5575,53.62,71,0,2.3,clear sky
246,Krasnozerskoye,RU,53.9828,79.2374,55.89,43,100,7.63,overcast clouds
247,Bulls,NZ,-40.1667,175.3833,51.22,83,100,15.23,overcast clouds
248,Sovetskiy,RU,61.3614,63.5842,42.04,97,100,11.81,light rain
249,Hasaki,JP,35.7333,140.8333,75.6,72,21,18.03,few clouds
250,Geraldton,AU,-28.7667,114.6,63.12,59,90,18.41,overcast clouds
251,Alice Springs,AU,-23.7,133.8833,85.55,16,1,9.22,clear sky
252,Andenes,NO,69.3143,16.1194,42.46,87,75,8.05,broken clouds
253,Hun,LY,29.1268,15.9477,72.61,53,3,7.25,clear sky
254,Marovoay,MG,-16.1,46.6333,69.94,71,6,4.74,clear sky
255,Xacmaz,AZ,41.4635,48.806,66.33,55,0,4.45,clear sky
256,Oranzherei,RU,45.8476,47.5663,64.36,55,2,8.55,clear sky
257,Muravlenko,RU,63.7898,74.523,40.64,90,100,9.13,overcast clouds
258,Nanyamba,TZ,-10.6833,39.8333,68.61,90,100,2.51,overcast clouds
259,Ruhengeri,RW,-1.4998,29.635,58.53,87,100,2.98,overcast clouds
260,Wajima,JP,37.4,136.9,74.08,78,40,6.91,scattered clouds
261,Jalor,IN,25.35,72.6167,81.18,79,1,3.38,clear sky
262,Tupik,RU,54.4253,119.9327,46.29,75,10,6.33,clear sky
263,Lamu,KE,-2.2717,40.902,75.42,86,13,12.44,few clouds
264,Ixtapa,MX,20.7,-105.2,80.22,86,100,1.99,overcast clouds
265,Viedma,AR,-40.8135,-62.9967,53.71,37,24,7.09,few clouds
266,Nabire,ID,-3.3667,135.4833,79.7,85,100,4.7,overcast clouds
267,Oranjemund,NA,-28.55,16.4333,51.82,85,0,10.96,clear sky
268,Tautira,PF,-17.7333,-149.15,84.22,77,10,15.48,light rain
269,Tuktoyaktuk,CA,69.4541,-133.0374,50.0,76,75,8.05,broken clouds
270,Tsiroanomandidy,MG,-18.7667,46.0333,62.53,71,10,2.51,clear sky
271,Yelizovo,RU,53.1873,158.3805,57.34,51,0,2.24,clear sky
272,Takoradi,GH,4.8845,-1.7554,74.52,93,95,8.81,light rain
273,Sibut,CF,5.718,19.0739,71.26,97,100,1.92,light rain
274,Torbay,CA,47.6666,-52.7314,51.28,84,75,11.5,broken clouds
275,Caxito,AO,-8.5785,13.6643,72.25,77,100,5.08,overcast clouds
276,Dunedin,NZ,-45.8742,170.5036,48.79,67,100,4.0,overcast clouds
277,Banda Aceh,ID,5.5577,95.3222,81.23,69,100,4.21,moderate rain
278,East Hemet,US,33.74,-116.9389,98.37,17,0,1.99,clear sky
279,Coihaique,CL,-45.5752,-72.0662,48.15,71,75,2.3,broken clouds
280,Ketchikan,US,55.3422,-131.6461,57.67,62,40,4.61,scattered clouds
281,Salina Cruz,MX,16.1667,-95.2,80.51,85,18,6.6,few clouds
282,Divnomorskoye,RU,44.5011,38.1353,62.82,67,6,9.91,clear sky
283,Great Yarmouth,GB,52.6083,1.7305,55.94,88,0,6.55,clear sky
284,Valleyview,CA,55.0667,-117.2859,41.99,86,100,18.19,overcast clouds
285,Agdas,AZ,40.65,47.4761,68.27,73,0,2.42,clear sky
286,Buenos Aires,AR,-34.6132,-58.3772,60.91,54,0,5.75,clear sky
287,Peterhead,GB,57.5058,-1.7981,56.1,93,100,6.58,overcast clouds
288,Roald,NO,62.5833,6.1333,56.16,93,20,4.61,few clouds
289,Bunawan,PH,8.1667,126.0833,83.68,67,52,1.14,broken clouds
290,Hambantota,LK,6.1241,81.1185,79.14,100,20,6.91,few clouds
291,Praia,CV,14.9215,-23.5087,81.14,83,40,10.36,scattered clouds
292,Port Lincoln,AU,-34.7333,135.8667,62.33,63,0,18.68,clear sky
293,Miajadas,ES,39.1513,-5.9084,65.77,78,9,1.7,clear sky
294,Hervey Bay,AU,-25.2986,152.8535,69.91,57,0,2.55,clear sky
295,Port Hardy,CA,50.6996,-127.4199,59.18,63,20,13.8,few clouds
296,Scarborough,GB,54.2797,-0.4044,58.51,89,24,5.17,few clouds
297,Vila Velha,BR,-20.3297,-40.2925,75.15,83,40,8.05,scattered clouds
298,Ugoofaaru,MV,5.6667,73.0,82.24,76,100,14.92,overcast clouds
299,Sangre Grande,TT,10.5835,-61.1177,82.36,89,9,7.61,clear sky
300,Langham,CA,52.3668,-106.9679,58.84,27,94,10.54,overcast clouds
301,Pangoa,PE,-12.1167,-73.0,68.18,97,47,3.62,scattered clouds
302,Rundu,NA,-17.9333,19.7667,67.08,18,0,4.27,clear sky
303,Yarovoye,RU,52.9273,78.58,59.25,35,100,7.29,overcast clouds
304,Vanimo,PG,-2.6741,141.3028,81.07,79,96,5.08,light rain
305,Cayenne,GF,4.9333,-52.3333,83.08,79,0,1.99,clear sky
306,Ambilobe,MG,-13.2,49.05,67.05,79,39,3.94,scattered clouds
307,Fort Carson,US,38.7375,-104.7889,85.42,34,1,14.97,clear sky
308,Caibarien,CU,22.5206,-79.4669,78.98,80,13,3.87,light rain
309,Muleba,TZ,-1.8397,31.6544,69.13,69,100,4.16,overcast clouds
310,Xuddur,SO,4.1213,43.8894,72.61,82,63,16.33,broken clouds
311,Yuxia,CN,34.0615,108.6291,68.61,91,100,3.67,overcast clouds
312,Fuerte Olimpo,PY,-21.0415,-57.8738,67.33,69,67,9.93,broken clouds
313,Teahupoo,PF,-17.8333,-149.2667,78.76,77,14,15.82,light rain
314,Zyryanka,RU,65.75,150.85,48.78,64,43,4.18,scattered clouds
315,Formosa Do Rio Preto,BR,-11.0483,-45.1931,78.69,23,0,2.86,clear sky
316,Lakitelek,HU,46.876,19.995,66.04,67,0,4.61,clear sky
317,Chimbote,PE,-9.0853,-78.5783,61.68,84,53,11.39,broken clouds
318,La Ronge,CA,55.1001,-105.2842,59.22,33,20,9.22,few clouds
319,Arlit,NE,18.7369,7.3853,92.5,16,0,8.3,clear sky
320,Zhigansk,RU,66.7697,123.3711,44.65,64,97,6.29,overcast clouds
321,Bismarck,US,46.8083,-100.7837,82.24,35,1,8.05,clear sky
322,Talnakh,RU,69.4865,88.3972,37.62,98,100,9.1,light rain
323,Port Hedland,AU,-20.3167,118.5667,77.05,38,3,10.36,clear sky
324,Namatanai,PG,-3.6667,152.4333,83.19,71,96,9.4,light rain
325,Nakamura,JP,32.9833,132.9333,78.87,71,74,8.19,broken clouds
326,Bom Jardim,BR,-7.7958,-35.5872,67.46,91,19,3.96,few clouds
327,Atasu,KZ,48.6814,71.6433,53.91,25,7,2.55,clear sky
328,Abidjan,CI,5.3094,-4.0197,75.16,100,75,3.44,moderate rain
329,Ramon,PH,16.7842,121.535,81.77,82,89,1.3,overcast clouds
330,Zig,US,40.127,-92.7663,73.69,56,1,3.44,clear sky
331,Kainantu,PG,-6.2887,145.8655,72.84,53,59,6.73,broken clouds
332,Selma,US,36.5708,-119.6121,97.92,27,1,0.0,clear sky
333,Fortuna,US,40.5982,-124.1573,63.93,68,1,1.99,clear sky
334,San Quintin,MX,30.4833,-115.95,70.92,71,0,13.58,clear sky
335,Nome,US,64.5011,-165.4064,48.27,87,90,4.61,light rain
336,Tazovskiy,RU,67.4667,78.7,40.89,90,100,6.53,overcast clouds
337,Raga,SS,8.4596,25.678,69.87,95,14,2.37,few clouds
338,Siocon,PH,7.7061,122.1353,82.11,82,74,5.32,broken clouds
339,Abalak,RU,58.1286,68.5944,51.3,81,100,6.64,overcast clouds
340,Skjervoy,NO,70.0311,20.9714,44.76,67,24,11.7,few clouds
341,Tilichiki,RU,60.4667,166.1,51.17,51,32,4.68,scattered clouds
342,Soure,BR,-0.7167,-48.5233,80.28,79,6,11.16,clear sky
343,Novorozhdestvenskaya,RU,45.8619,39.9542,61.43,23,13,7.9,few clouds
344,Ust-Kulom,RU,61.6864,53.6902,40.03,96,100,9.55,overcast clouds
345,Vila Do Maio,CV,15.1333,-23.2167,81.39,82,100,9.15,overcast clouds
346,High Rock,BS,26.6208,-78.2833,82.42,66,2,2.55,clear sky
347,Yar-Sale,RU,66.8333,70.8333,39.18,91,96,8.14,overcast clouds
348,Saint-Joseph,RE,-21.3667,55.6167,68.38,79,12,6.17,few clouds
349,Saint-Pierre,RE,-21.3393,55.4781,69.48,63,90,3.44,overcast clouds
350,Baruun-Urt,MN,46.6806,113.2792,58.21,57,0,7.23,clear sky
351,Rocha,UY,-34.4833,-54.3333,47.62,80,0,5.1,clear sky
352,Laguna,US,38.421,-121.4238,93.63,36,1,7.0,haze
353,Limbang,MY,4.75,115.0,77.31,87,100,1.95,light rain
354,Skegness,GB,53.1436,0.3363,57.58,87,53,3.0,broken clouds
355,Nadvoitsy,RU,63.8667,34.3167,40.15,89,100,8.01,overcast clouds
356,Carutapera,BR,-1.195,-46.02,76.86,89,0,5.19,clear sky
357,Husavik,IS,66.0449,-17.3389,40.91,78,99,8.72,overcast clouds
358,Hualmay,PE,-11.0964,-77.6139,61.18,85,18,11.43,few clouds
359,Pochutla,MX,15.7432,-96.4661,81.45,87,85,4.94,overcast clouds
360,Deputatskiy,RU,69.3,139.9,41.29,76,99,3.89,overcast clouds
361,Zheleznodorozhnyy,RU,55.7503,38.0042,44.78,86,25,8.12,scattered clouds
362,Baykit,RU,61.67,96.37,35.67,83,21,1.57,few clouds
363,Manta,EC,-0.95,-80.7333,73.18,83,75,12.66,broken clouds
364,Vanavara,RU,60.34,102.2797,38.08,97,100,7.05,light rain
365,Cabinda,AO,-5.55,12.2,75.33,85,100,5.68,overcast clouds
366,Stornoway,GB,58.2093,-6.3865,53.92,93,29,4.61,scattered clouds
367,Jumla,NP,29.2747,82.1838,60.3,94,100,1.74,overcast clouds
368,Manjacaze,MZ,-24.7117,33.8828,70.97,88,94,10.96,overcast clouds
369,Brownsville,US,25.9018,-97.4975,84.2,78,20,4.0,few clouds
370,Yerbogachen,RU,61.2767,108.0108,39.13,87,100,5.26,light rain
371,Rosetta,EG,31.4044,30.4164,76.82,63,0,12.39,clear sky
372,Pierre,US,44.3683,-100.351,81.52,55,1,1.99,clear sky
373,Margate,GB,51.3813,1.3862,57.96,89,16,1.19,few clouds
374,Vanino,RU,49.0869,140.2543,64.42,49,100,4.12,overcast clouds
375,Villa Maria,AR,-32.4075,-63.2402,54.63,33,0,8.1,clear sky
376,Pocatello,US,42.8713,-112.4455,82.31,15,1,7.0,clear sky
377,Del Rio,US,29.3627,-100.8968,96.91,31,40,6.91,scattered clouds
378,Arman,RU,59.7,150.1667,57.09,64,52,0.78,broken clouds
379,Vila Franca Do Campo,PT,37.7167,-25.4333,66.61,79,0,0.83,clear sky
380,Marawi,PH,7.9986,124.2928,74.64,74,44,2.82,scattered clouds
381,Illela,NG,13.7292,5.2975,83.21,63,1,7.92,clear sky
382,Boyuibe,BO,-20.4167,-63.2833,57.0,49,100,3.47,overcast clouds
383,Coahuayana,MX,18.7333,-103.6833,81.88,90,97,2.66,overcast clouds
384,Dingle,PH,10.9995,122.6711,83.68,75,46,6.73,scattered clouds
385,Muros,ES,42.7762,-9.0603,66.24,86,8,7.85,clear sky
386,Youkounkoun,GN,12.5333,-13.1333,76.05,92,100,4.36,overcast clouds
387,Bontang,ID,0.1333,117.5,74.28,90,100,5.77,moderate rain
388,Morshansk,RU,53.4435,41.8107,46.09,70,100,4.45,overcast clouds
389,Budelsdorf,DE,54.3167,9.6833,62.64,96,100,7.0,overcast clouds
390,Victoria,HK,22.2855,114.1577,87.96,80,99,1.01,overcast clouds
391,Gamba,GA,-2.65,10.0,75.99,86,100,5.99,overcast clouds
392,Xining,CN,36.6167,101.7667,52.75,79,8,2.77,clear sky
393,La Sarre,CA,48.8002,-79.1996,48.06,93,5,3.11,clear sky
394,Pangai,TO,-19.8,-174.35,82.51,74,40,12.66,light rain
395,Honningsvag,NO,70.9821,25.9704,43.02,76,76,8.32,broken clouds
396,Horqueta,PY,-23.3428,-57.0597,61.9,79,100,6.17,overcast clouds
397,Sooke,CA,48.3746,-123.7276,63.09,59,28,29.93,scattered clouds
398,Koulikoro,ML,14.0,-7.75,76.33,78,100,10.27,overcast clouds
399,Touros,BR,-5.1989,-35.4608,76.1,86,67,14.47,broken clouds
400,Beloha,MG,-25.1667,45.05,67.93,64,0,2.33,clear sky
401,Guozhen,CN,34.3659,107.359,71.92,74,100,3.27,light rain
402,Lahaina,US,20.8783,-156.6825,87.8,71,46,5.39,scattered clouds
403,Tucuman,AR,-26.8241,-65.2226,60.8,48,0,0.0,clear sky
404,Gotsu,JP,35.0,132.2167,71.74,61,80,6.67,broken clouds
405,Iralaya,HN,15.0,-83.2333,82.49,80,100,9.33,overcast clouds
406,Korla,CN,41.7597,86.1469,71.35,36,35,1.05,scattered clouds
407,Padang,ID,-0.9492,100.3543,77.05,76,11,1.68,few clouds
408,Sao Joao Da Barra,BR,-21.6403,-41.0511,74.19,88,55,4.76,broken clouds
409,Leningradskiy,RU,69.3833,178.4167,30.24,91,100,3.11,overcast clouds
410,Latung,PH,5.5,120.8833,81.32,78,100,12.26,moderate rain
411,Chervone,UA,49.9564,28.8645,50.18,70,70,3.31,broken clouds
412,Cabra,ES,37.4725,-4.4421,65.89,84,0,1.16,clear sky
413,Walvis Bay,NA,-22.9575,14.5053,50.09,76,0,4.61,clear sky
414,Polevskoy,RU,56.4422,60.1878,41.2,95,51,8.66,broken clouds
415,Kifri,IQ,34.6959,44.9661,82.22,20,0,8.75,clear sky
416,Saint-Leu,RE,-21.15,55.2833,68.86,76,30,0.74,scattered clouds
417,Ilulissat,GL,69.2167,-51.1,20.86,89,60,6.13,broken clouds
418,Bud,US,39.447,-86.1758,69.91,84,0,4.9,clear sky
419,Kununurra,AU,-15.7667,128.7333,89.58,45,40,8.05,scattered clouds
420,Parana,AR,-31.732,-60.5238,57.29,77,0,6.51,clear sky
421,Emba,KZ,48.8264,58.1442,63.5,43,99,7.81,overcast clouds
422,Nyurba,RU,63.2842,118.3319,44.4,70,100,3.24,overcast clouds
423,Batemans Bay,AU,-35.7167,150.1833,62.2,52,7,6.6,clear sky
424,Coquimbo,CL,-29.9533,-71.3436,55.13,82,0,5.75,clear sky
425,Aras,ES,42.5617,-2.356,63.72,94,75,5.75,broken clouds
426,Changji,CN,44.0167,87.3167,66.99,39,0,6.71,clear sky
427,Nelson Bay,AU,-32.7167,152.15,61.77,95,75,10.96,broken clouds
428,Sale,MA,34.0389,-6.8166,67.75,100,40,0.0,scattered clouds
429,Trairi,BR,-3.2778,-39.2689,79.18,84,0,13.02,clear sky
430,Kenai,US,60.5544,-151.2583,52.09,71,75,4.61,light rain
431,Poso,ID,-1.3959,120.7524,77.77,89,100,1.52,light rain
432,Roma,US,43.2128,-75.4557,64.26,95,20,0.0,few clouds
433,Farafangana,MG,-22.8167,47.8333,66.94,90,28,6.49,scattered clouds
434,Udachnyy,RU,66.4167,112.4,41.43,70,18,12.55,few clouds
435,Soyo,AO,-6.1349,12.3689,75.29,85,100,5.95,overcast clouds
436,Asuncion,PY,-25.3007,-57.6359,67.44,49,75,10.36,broken clouds
437,Ojinaga,MX,29.5667,-104.4167,95.95,20,1,12.66,clear sky
438,Chuy,UY,-33.6971,-53.4616,49.05,83,0,4.32,clear sky
439,Blairmore,CA,49.6,-114.4353,57.38,28,85,14.97,overcast clouds
440,Manokwari,ID,-0.8667,134.0833,80.19,78,100,3.44,moderate rain
441,Kunda,IN,25.7167,81.5167,75.67,97,100,14.47,heavy intensity rain
442,Shubarkuduk,KZ,49.1447,56.4872,62.02,55,54,8.7,broken clouds
443,Gao,ML,16.6362,1.637,87.94,44,35,11.39,scattered clouds
444,North Bend,US,43.4065,-124.2243,62.92,63,1,29.93,clear sky
445,Rawson,AR,-43.3002,-65.1023,57.87,44,5,15.55,clear sky
446,Ulaangom,MN,49.9811,92.0667,53.98,42,100,3.29,overcast clouds
447,Houston,US,29.7633,-95.3633,82.54,76,90,3.0,overcast clouds
448,Itamaraca,BR,-7.7478,-34.8256,77.68,85,45,8.28,scattered clouds
449,Bongandanga,CD,1.5,21.05,69.13,97,100,3.22,overcast clouds
450,Tabursuq,TN,36.4569,9.2475,84.49,35,100,4.99,overcast clouds
451,Banda,IN,25.4833,80.3333,77.0,95,100,6.29,heavy intensity rain
452,Abong Mbang,CM,3.9833,13.1833,66.74,98,38,2.75,light rain
453,Zapolyarnyy,RU,69.4154,30.8136,36.68,93,65,2.21,broken clouds
454,Mamit,IN,23.9333,92.4833,70.57,94,84,0.96,broken clouds
455,Tual,ID,-5.6667,132.75,81.01,82,17,19.89,few clouds
456,Bathsheba,BB,13.2167,-59.5167,83.01,83,20,10.36,few clouds
457,Monrovia,LR,6.3005,-10.7969,75.9,89,100,8.59,moderate rain
458,Tura,IN,25.5198,90.2201,74.68,97,100,2.57,overcast clouds
459,Palimbang,PH,6.2106,124.1894,80.6,86,96,4.52,light rain
460,Assai,BR,-23.3733,-50.8414,71.46,88,99,12.59,overcast clouds
461,Pergamino,AR,-33.89,-60.5736,54.91,50,0,6.42,clear sky
462,Zatoka,UA,46.0725,30.4654,63.14,61,45,9.51,scattered clouds
463,Puerto Suarez,BO,-18.95,-57.8,81.39,49,11,3.02,few clouds
464,Xuchang,CN,34.0167,113.8167,76.08,69,0,5.21,light rain
465,Maceio,BR,-9.6658,-35.7353,78.24,88,75,2.3,broken clouds
466,Hami,CN,42.8,93.45,75.67,15,1,6.2,clear sky
467,Flinders,AU,-34.5833,150.8552,64.18,58,83,7.0,broken clouds
468,Svetlogorsk,BY,52.6333,29.7333,44.06,75,63,4.47,broken clouds
469,Taquara,BR,-29.6506,-50.7806,58.1,82,17,1.52,few clouds
470,Malatya,TR,38.5,38.0,62.65,55,0,3.44,clear sky
471,Guskhara,IN,23.5,87.75,78.24,93,100,3.74,overcast clouds
472,Araouane,ML,18.9048,-3.5265,92.21,30,70,7.67,broken clouds
473,Kontagora,NG,10.3999,5.4695,72.79,94,86,2.15,overcast clouds
474,Madukkarai,IN,10.9,76.9667,75.88,88,40,9.22,mist
475,Hellvik,NO,59.9156,5.781,56.77,89,100,3.85,light rain
476,Martapura,ID,-3.4167,114.85,73.72,91,100,1.99,light rain
477,Magnor,SE,59.9511,12.1996,52.7,90,100,6.82,overcast clouds
478,Pitea,SE,65.3172,21.4794,39.29,77,100,1.54,overcast clouds
479,Menongue,AO,-14.6585,17.691,60.55,24,8,3.29,clear sky
480,Kuytun,RU,54.3419,101.5036,42.96,93,100,3.2,light rain
481,Yulara,AU,-25.2406,130.9889,76.84,19,100,5.75,overcast clouds
482,Denia,ES,38.8408,0.1057,76.46,66,0,5.01,clear sky
483,Vestmannaeyjar,IS,63.4427,-20.2734,53.64,95,100,29.62,overcast clouds
484,Gazli,UZ,40.1333,63.45,73.83,13,0,8.05,clear sky
485,Pangnirtung,CA,66.1451,-65.7125,35.2,70,100,2.15,overcast clouds
486,Piacabucu,BR,-10.4056,-36.4344,75.24,78,26,8.08,scattered clouds
487,Port Augusta,AU,-32.5,137.7667,74.71,22,0,12.93,clear sky
488,Lockhart,US,28.6194,-81.4426,82.2,80,92,4.81,overcast clouds
489,Bubaque,GW,11.2833,-15.8333,81.48,80,100,9.78,overcast clouds
490,Mahibadhoo,MV,3.7833,72.9667,83.12,67,100,12.33,overcast clouds
491,Aykino,RU,62.2248,49.9922,38.64,98,100,8.93,overcast clouds
492,Akureyri,IS,65.6835,-18.0878,40.93,93,75,2.3,light rain
493,Port Blair,IN,11.6667,92.75,79.36,85,100,8.37,overcast clouds
494,Abu Samrah,SY,35.3029,37.1841,68.23,78,0,7.45,clear sky
495,Pemberton,CA,50.3164,-122.8027,62.29,38,63,4.43,broken clouds
496,Sobolevo,RU,54.4299,31.8996,37.69,91,1,6.08,clear sky
497,Lazaro Cardenas,MX,17.9583,-102.2,79.45,84,100,1.92,overcast clouds
498,Aksarka,RU,66.5606,67.7975,39.65,93,87,9.22,overcast clouds
499,Chase,CA,50.8165,-119.6857,64.38,35,75,4.18,broken clouds
500,Ponta Delgada,PT,37.7333,-25.6667,66.92,82,20,2.3,few clouds
501,Chavakkad,IN,10.5333,76.05,78.17,86,100,3.24,overcast clouds
502,Tsabong,BW,-26.0217,22.401,50.95,30,0,9.33,clear sky
503,Kieta,PG,-6.2167,155.6333,84.74,64,100,6.06,overcast clouds
504,Krasnoselkup,RU,65.7,82.4667,38.61,90,93,0.89,overcast clouds
505,Ayan,RU,56.45,138.1667,59.85,65,100,4.59,overcast clouds
506,Sakaiminato,JP,35.55,133.2333,71.58,73,20,2.3,few clouds
507,Eyl,SO,7.9803,49.8164,77.77,81,100,13.71,overcast clouds
508,Lubaczow,PL,50.157,23.1234,56.23,84,27,7.34,scattered clouds
509,Mpanda,TZ,-6.3655,31.0409,71.06,59,67,0.81,broken clouds
510,Sibolga,ID,1.7427,98.7792,81.0,73,72,0.76,broken clouds
511,Axim,GH,4.8699,-2.2405,74.66,93,79,10.87,light rain
512,Codrington,AU,-38.2667,141.9667,54.84,64,4,9.26,clear sky
513,Bestobe,KZ,52.4994,73.0975,56.57,42,72,13.85,broken clouds
514,Teya,RU,60.3778,92.6267,38.08,93,99,1.43,overcast clouds
515,Waddan,LY,29.1614,16.139,72.57,55,2,8.84,clear sky
516,San Angelo,US,31.4638,-100.437,85.53,48,0,1.99,clear sky
517,Shakawe,BW,-18.3667,21.85,68.99,19,5,5.01,clear sky
518,Ghanzi,BW,-21.5667,21.7833,64.36,19,0,7.45,clear sky
519,Ranong,TH,9.9658,98.6348,75.13,90,100,2.89,overcast clouds
520,Shenjiamen,CN,29.9576,122.298,76.41,88,100,24.34,overcast clouds
521,Yairipok,IN,24.6667,94.0667,73.26,81,100,0.89,overcast clouds
522,Ozu,JP,33.5,132.55,74.82,79,76,0.51,broken clouds
523,Soe,ID,-9.8607,124.284,81.39,45,89,6.96,overcast clouds
524,Kerema,PG,-7.9631,145.7785,80.08,82,96,4.59,overcast clouds
525,Hokitika,NZ,-42.7167,170.9667,58.46,41,1,6.4,clear sky
526,Chihuahua,MX,28.5,-106.0,79.79,25,26,6.93,scattered clouds
527,Lavrentiya,RU,65.5833,-171.0,39.47,64,99,10.45,overcast clouds
528,Karratha,AU,-20.7377,116.8463,73.45,37,4,16.91,clear sky
529,Forestville,US,38.8451,-76.875,81.54,75,1,6.91,clear sky
530,Noumea,NC,-22.2763,166.4572,75.18,64,14,15.43,few clouds
531,Ostrovnoy,RU,68.0531,39.5131,41.31,96,100,22.53,overcast clouds
532,Burnie,AU,-41.0667,145.9167,55.92,57,91,2.3,overcast clouds
533,Te Anau,NZ,-45.4167,167.7167,43.05,95,93,5.17,overcast clouds
534,Price,US,39.5994,-110.8107,78.4,18,0,11.7,clear sky
535,Saint Anthony,US,45.0205,-93.218,72.82,44,40,1.99,scattered clouds
536,Fengcheng,CN,40.4536,124.0717,64.85,79,97,2.89,overcast clouds
537,Ekhabi,RU,53.5102,142.9671,65.64,57,17,13.67,few clouds
538,Somerset,US,40.5668,-74.5496,81.84,81,100,4.34,overcast clouds
539,Achi,CO,8.5682,-74.554,76.93,93,93,1.59,overcast clouds
540,Henties Bay,NA,-22.116,14.2845,49.86,90,1,12.24,clear sky
541,Puerto Quijarro,BO,-17.7833,-57.7667,80.42,53,8,2.01,clear sky
542,Aripuana,BR,-9.1667,-60.6333,72.39,97,98,4.36,overcast clouds
543,Tapah,MY,4.2004,101.2598,80.51,79,66,0.27,broken clouds
544,Khorixas,NA,-20.3667,14.9667,57.92,36,5,1.07,clear sky
545,Dunmore East,IE,52.1514,-6.9861,55.69,67,6,6.31,clear sky
546,Balabac,PH,7.9868,117.0645,81.81,77,100,8.25,overcast clouds
547,Vermilion,US,40.1667,-87.7506,70.32,64,1,6.91,clear sky
548,Moratuwa,LK,6.773,79.8816,78.82,88,100,6.51,overcast clouds
549,Wakkanai,JP,45.4094,141.6739,64.38,63,20,4.61,few clouds
550,Alofi,NU,-19.0595,-169.9187,82.29,69,75,12.66,broken clouds
551,Asau,RO,46.4333,26.4,56.95,93,65,3.85,broken clouds
552,Broome,US,42.2506,-75.833,65.86,80,90,1.01,moderate rain
553,Goderich,CA,43.7501,-81.7165,62.91,82,0,3.44,clear sky
554,Lhokseumawe,ID,5.1801,97.1507,78.26,86,100,3.42,overcast clouds
555,Kousseri,CM,12.0769,15.0306,78.76,73,9,2.3,clear sky
556,Dimbokro,CI,6.6451,-4.7048,71.89,99,100,2.3,moderate rain
557,Jiwani,PK,25.05,61.7417,81.84,71,100,4.97,overcast clouds
558,Batsfjord,NO,70.6345,29.7185,38.34,84,40,3.96,scattered clouds
559,Neuquen,AR,-38.9516,-68.0591,60.69,36,0,10.36,clear sky
560,Okhotsk,RU,59.3833,143.3,58.82,67,6,5.97,clear sky
561,Doka,SD,13.5167,35.7667,70.03,87,87,4.52,overcast clouds
562,Nantucket,US,41.2835,-70.0995,75.31,90,75,11.5,broken clouds
563,Makakilo City,US,21.3469,-158.0858,86.32,62,75,8.05,light rain
564,The Valley,AI,18.217,-63.0578,83.1,77,100,17.18,overcast clouds
565,Mzimba,MW,-11.9,33.6,63.59,61,100,8.86,overcast clouds
566,Oskarshamn,SE,57.2645,16.4484,57.97,76,100,16.46,overcast clouds
567,Nova Olimpia,BR,-14.7972,-57.2881,79.0,59,19,3.69,few clouds
568,Myitkyina,MM,25.3833,97.4,76.84,87,100,1.72,moderate rain
569,Yuli,NG,9.6989,10.2744,75.16,87,100,2.57,overcast clouds
570,Rovnoye,RU,50.7765,46.0509,45.79,66,0,5.26,clear sky
571,Saint-Prosper,CA,46.2117,-70.4811,62.69,96,100,3.15,overcast clouds
572,Sao Felix Do Xingu,BR,-6.6447,-51.995,79.68,49,45,2.59,scattered clouds
573,Vao,NC,-22.6667,167.4833,68.95,69,16,20.78,few clouds
574,Adre,TD,13.4667,22.2,76.68,37,98,5.68,overcast clouds
575,Okitipupa,NG,6.5047,4.7839,73.13,98,26,2.57,scattered clouds
576,Kimberley,ZA,-28.7323,24.7623,40.69,30,0,3.44,clear sky
577,Kamenka,RU,51.3223,42.7678,43.83,71,0,5.17,clear sky
578,Verkhnevilyuysk,RU,63.4453,120.3167,42.57,74,100,4.23,overcast clouds
579,Pietarsaari,FI,63.65,22.6833,44.89,72,100,5.55,overcast clouds
580,Coxim,BR,-18.5067,-54.76,83.32,50,10,2.98,clear sky
581,Chester,US,40.1254,-75.8749,79.21,80,75,13.8,light rain
582,Saint-Paul,RE,-21.0096,55.2707,69.91,81,53,2.33,broken clouds
583,Plouzane,FR,48.3833,-4.6167,60.85,94,75,4.61,mist
584,Tuatapere,NZ,-46.1333,167.6833,47.82,71,90,4.32,overcast clouds
585,Umm Kaddadah,SD,13.6017,26.6876,86.79,25,89,2.46,overcast clouds
586,Tezu,IN,27.9167,96.1667,78.21,78,99,0.81,overcast clouds
587,Lat Yao,TH,15.751,99.7893,78.26,90,100,3.76,overcast clouds
588,La Plata,AR,-34.9215,-57.9545,60.94,87,0,6.46,clear sky
589,Puerto Rico,AR,-26.796,-55.024,58.21,75,100,3.31,light rain
590,Newport,GB,51.5877,-2.9984,62.46,89,100,4.47,overcast clouds
591,Manicore,BR,-5.8092,-61.3003,73.13,97,93,3.06,overcast clouds
592,Dakar,SN,14.6937,-17.4441,84.33,84,20,2.3,thunderstorm
593,Sao Manuel,BR,-22.7311,-48.5706,70.79,90,100,10.78,overcast clouds
594,Dubbo,AU,-32.25,148.6167,60.93,55,0,8.05,clear sky
595,Garachine,PA,8.0647,-78.3628,78.69,85,100,6.96,overcast clouds
596,Dauphin,CA,51.1494,-100.0502,78.94,27,1,24.16,clear sky
597,Alta Floresta,BR,-9.8756,-56.0861,75.13,76,52,4.43,broken clouds
598,Kangaatsiaq,GL,68.3065,-53.4641,33.49,78,16,7.85,few clouds
599,Sidrolandia,BR,-20.9319,-54.9614,79.59,76,0,7.31,clear sky
600,Naryan-Mar,RU,67.6713,53.087,43.27,82,100,9.13,overcast clouds
601,Chacabuco,AR,-34.6417,-60.4739,53.83,47,0,7.27,clear sky
602,San Luis,AR,-33.295,-66.3356,56.84,31,5,4.76,clear sky
603,Galesong,ID,-5.3166,119.3661,82.42,68,84,3.78,broken clouds
604,Alepe,CI,5.5004,-3.6631,75.07,99,100,3.62,moderate rain
605,Whakatane,NZ,-37.9585,176.9854,61.77,98,100,16.98,light rain
606,Hovd,MN,48.0056,91.6419,54.84,21,100,5.35,overcast clouds
607,Havelock,US,34.8791,-76.9013,80.94,87,1,4.61,clear sky
608,Ryzdvyanyy,RU,45.2656,41.8389,62.29,60,26,6.26,scattered clouds
609,Makaryev,RU,57.8797,43.8069,40.62,83,100,7.61,overcast clouds
610,Hostotipaquillo,MX,21.0667,-104.0667,72.05,92,100,3.8,overcast clouds
611,Rorvik,NO,64.8621,11.2373,51.76,72,99,11.34,overcast clouds
612,Srednekolymsk,RU,67.45,153.6833,38.37,65,98,2.75,overcast clouds
613,Hoopstad,ZA,-27.8327,25.9083,51.3,23,0,6.87,clear sky
614,Venado,MX,22.9333,-101.0833,73.81,61,99,13.58,overcast clouds
615,Sidi Ali,DZ,36.0998,0.4206,68.13,85,67,2.8,broken clouds
616,Poya,NC,-21.35,165.15,73.99,54,11,11.34,few clouds
617,Reisterstown,US,39.4696,-76.8294,81.21,78,100,1.99,overcast clouds
618,Bukama,CD,-9.2,25.85,74.73,68,69,0.34,broken clouds
619,Harer,ET,9.3094,42.1258,59.05,84,100,1.88,light rain
620,Itarema,BR,-2.9248,-39.9167,79.38,84,0,15.97,clear sky
621,Kamina,CD,-8.7386,24.9906,64.26,88,99,4.76,overcast clouds
622,Pontianak,ID,-0.0333,109.3333,80.58,78,20,4.61,few clouds
623,Canico,PT,32.6333,-16.85,74.71,85,20,1.01,few clouds
624,Santa Rosa,PH,14.3122,121.1114,88.09,71,70,2.68,broken clouds
625,Oum Hadjer,TD,13.2954,19.6966,83.62,48,60,5.32,broken clouds
626,Grand Gaube,MU,-20.0064,57.6608,68.4,81,60,5.01,light rain
627,Mahenge,TZ,-8.6833,36.7167,60.91,88,30,2.26,scattered clouds
628,Acapulco,MX,16.8634,-99.8901,82.22,78,75,6.91,broken clouds
629,Alekseyevsk,RU,57.8406,108.3492,39.92,87,95,6.58,overcast clouds
630,Twentynine Palms,US,34.1356,-116.0542,97.32,6,0,7.0,clear sky
631,Ivdel,RU,60.6911,60.4206,41.54,99,100,6.6,overcast clouds
632,Esmeraldas,BR,-19.7625,-44.3139,85.06,30,17,5.97,few clouds
633,Alegrete,BR,-29.7831,-55.7919,51.94,72,6,8.37,clear sky
634,Burns Lake,CA,54.2331,-125.7533,51.22,40,43,11.83,scattered clouds
635,Sao Miguel Do Araguaia,BR,-13.275,-50.1628,86.59,20,1,4.72,clear sky
636,Mariakani,KE,-3.8633,39.4736,69.39,97,89,4.72,light rain
637,Saint-Louis,SN,16.3333,-15.0,87.44,74,100,18.95,overcast clouds
638,Hoquiam,US,46.9809,-123.8893,65.37,52,94,3.0,overcast clouds
639,Shieli,KZ,44.1667,66.75,65.59,22,0,7.99,clear sky
640,Jesup,US,31.6074,-81.8854,78.73,78,1,0.0,clear sky
641,Cedar City,US,37.6775,-113.0619,83.37,12,1,14.97,clear sky
642,Bereda,ES,43.2686,-7.5406,62.42,100,55,2.89,broken clouds
643,Bad Hofgastein,AT,47.1667,13.1,62.83,98,99,1.05,overcast clouds
644,Chingola,ZM,-12.529,27.8838,64.81,36,37,4.38,scattered clouds
645,Chapada Dos Guimaraes,BR,-15.4606,-55.7497,74.86,50,5,2.95,clear sky
646,Rapid Valley,US,44.0625,-103.1463,86.2,25,1,1.99,clear sky
647,Nyrob,RU,60.733,56.7202,39.94,98,100,8.21,overcast clouds
648,Neiafu,TO,-18.65,-173.9833,83.08,74,20,10.36,few clouds
649,Gazanjyk,TM,39.2446,55.5154,74.17,60,0,2.82,clear sky
650,Tall Kayf,TR,37.0833,41.0667,72.59,43,0,6.06,clear sky
651,Matagami,CA,49.7502,-77.6328,51.91,93,75,0.0,broken clouds
652,Kahului,US,20.8947,-156.47,83.97,73,87,6.49,overcast clouds
653,Tiarei,PF,-17.5333,-149.3333,84.22,75,2,17.22,clear sky
654,Izhma,RU,65.0083,53.9113,39.4,92,100,3.6,overcast clouds
655,Tsogni,GA,-2.7942,10.0988,75.47,88,99,5.95,overcast clouds
656,Minador Do Negrao,BR,-9.3053,-36.8647,67.39,95,0,5.79,clear sky
657,Sayyan,YE,15.1718,44.3244,63.79,26,100,4.79,overcast clouds
658,Fruitvale,US,39.0817,-108.4968,91.33,15,0,6.85,clear sky
659,Dukat,RU,62.55,155.55,50.18,58,72,4.03,broken clouds
660,Manggar,ID,-2.8833,108.2667,83.05,71,97,6.31,overcast clouds
